  IBGE / SINAN — Municípios Notificadores  |  Brasil (Dados Fictícios);;;;;;;;;;;;;
COD_IBGE;MUNICIPIO;UF;ESTADO;REGIAO;POPULACAO;AREA_KM2;DENSIDADE_HAB_KM2;TOTAL_CASOS;CASOS_GRAVES;OBITOS;INCIDENCIA_100K;TX_LETALIDADE_PCT;ANO_REF
2960284;Contagem;MG;Minas Gerais;SE;5.263.791;710,2;7.411,7;65.432;4.076;139;1.243,1;0,21%;2004
8215646;Anápolis;GO;Goiás;CO;4.754.702;13.546,8;351,0;80.338;4.802;179;1.689,7;0,22%;2008
8311097;Santarém;PA;Pará;N;2.775.969;4.767,4;582,3;50.048;3.353;81;1.802,9;0,16%;2015
1892920;Canoas;RS;Rio Grande do Sul;S;3.177.550;2.271,9;1.398,6;12.002;145;2;377,7;0,02%;2007
8322078;Rio Verde;GO;Goiás;CO;1.954.560;14.928,3;130,9;2.673;97;3;136,8;0,11%;2015
8679933;Marabá;PA;Pará;N;8.278.975;1.731,7;4.780,8;38.811;676;5;468,8;0,01%;2023
4030887;Blumenau;SC;Santa Catarina;S;2.831.521;11.261,6;251,4;36.912;2.342;59;1.303,6;0,16%;2008
9825074;Manaus;AM;Amazonas;N;9.584.230;2.749,5;3.485,8;64.528;3.619;103;673,3;0,16%;2002
1435572;Pelotas;RS;Rio Grande do Sul;S;4.777.447;10.235,6;466,7;15.989;538;13;334,7;0,08%;2021
3579924;Nova Iguaçu;RJ;Rio de Janeiro;SE;492.433;1.261,9;390,2;7.861;292;11;1.596,4;0,14%;2022
6526866;Manaus;AM;Amazonas;N;743.630;9.859,8;75,4;5.323;355;14;715,8;0,26%;2014
3169632;Santa Maria;RS;Rio Grande do Sul;S;3.554.147;12.956,0;274,3;37.087;1.089;7;1.043,5;0,02%;2020
7398678;Petrópolis;RJ;Rio de Janeiro;SE;1.560.748;6.012,9;259,6;7.866;534;18;504,0;0,23%;2005
4493397;Rio de Janeiro;RJ;Rio de Janeiro;SE;2.741.691;5.858,1;468,0;18.673;911;34;681,1;0,18%;2012
6008781;Belo Horizonte;MG;Minas Gerais;SE;8.243.014;12.026,5;685,4;81.291;5.220;136;986,2;0,17%;2023
7164902;Recife;PE;Pernambuco;NE;8.608.893;3.038,1;2.833,6;101.735;3.925;96;1.181,7;0,09%;2014
8088983;Fortaleza;CE;Ceará;NE;6.185.975;9.227,3;670,4;82.665;2.939;18;1.336,3;0,02%;2013
4761958;Petrolina;PE;Pernambuco;NE;10.873.103;10.309,2;1.054,7;129.845;5.406;149;1.194,2;0,11%;2004
8855414;Nova Iguaçu;RJ;Rio de Janeiro;SE;7.345.608;1.233,8;5.953,6;78.746;1.489;14;1.072,0;0,02%;2015
5171713;Pelotas;RS;Rio Grande do Sul;S;8.784.028;6.444,6;1.363,0;12.511;538;19;142,4;0,15%;2018
9567311;Belém;PA;Pará;N;7.136.865;6.224,6;1.146,6;66.422;2.080;53;930,7;0,08%;2014
1272943;Cascavel;PR;Paraná;S;1.919.520;11.120,7;172,6;11.767;672;23;613,0;0,20%;2014
7983542;São Paulo;SP;São Paulo;SE;11.825.511;4.499,8;2.628,0;189.817;7.080;201;1.605,1;0,11%;2018
6726640;Itacoatiara;AM;Amazonas;N;3.148.556;3.205,5;982,2;48.957;3.374;47;1.554,9;0,10%;2002
8277938;Cuiabá;MT;Mato Grosso;CO;8.973.341;317,8;28.235,8;30.586;330;9;340,9;0,03%;2012
9165848;Timon;MA;Maranhão;NE;5.088.140;9.296,6;547,3;47.281;2.432;94;929,2;0,20%;2019
6077736;Sinop;MT;Mato Grosso;CO;1.478.273;1.920,1;769,9;6.252;104;0;422,9;0,00%;2000
4510288;Vitória;ES;Espírito Santo;SE;8.079.807;9.746,9;829,0;63.381;2.291;61;784,4;0,10%;2020
4203013;Cascavel;PR;Paraná;S;1.452.410;4.548,7;319,3;4.855;186;1;334,3;0,02%;2014
8470322;Uberlândia;MG;Minas Gerais;SE;8.145.735;7.098,8;1.147,5;153.413;3.767;57;1.883,4;0,04%;2014
1854332;São José;SC;Santa Catarina;S;5.609.074;167,7;33.447,1;111.100;5.864;230;1.980,7;0,21%;2020
5878387;São José;SC;Santa Catarina;S;629.045;7.338,1;85,7;8.410;382;10;1.336,9;0,12%;2015
4890733;Sinop;MT;Mato Grosso;CO;11.991.803;957,5;12.524,1;110.625;4.932;120;922,5;0,11%;2000
8941293;Camaçari;BA;Bahia;NE;1.969.940;7.447,1;264,5;22.725;838;16;1.153,6;0,07%;2020
4224602;Contagem;MG;Minas Gerais;SE;7.880.548;5.190,5;1.518,3;133.073;3.084;113;1.688,6;0,08%;2007
8859576;Paulista;PE;Pernambuco;NE;2.208.475;13.253,4;166,6;25.583;1.729;59;1.158,4;0,23%;2023
8924295;Rondonópolis;MT;Mato Grosso;CO;2.726.341;9.346,5;291,7;45.265;2.487;70;1.660,3;0,15%;2009
4346789;Uberlândia;MG;Minas Gerais;SE;2.630.515;9.105,9;288,9;52.001;1.817;72;1.976,8;0,14%;2003
4513701;Feira de Santana;BA;Bahia;NE;9.350.065;753,4;12.410,5;94.053;5.911;103;1.005,9;0,11%;2000
9446974;Uberlândia;MG;Minas Gerais;SE;544.367;12.111,9;44,9;7.055;118;1;1.296,0;0,01%;2010
9159855;Ananindeua;PA;Pará;N;4.333.537;14.905,3;290,7;6.117;343;8;141,2;0,13%;2011
9646766;Caxias do Sul;RS;Rio Grande do Sul;S;10.146.295;10.058,8;1.008,7;13.217;867;17;130,3;0,13%;2022
2776570;São Luís;MA;Maranhão;NE;10.251.707;9.164,4;1.118,6;147.448;1.845;16;1.438,3;0,01%;2003
4445809;Cuiabá;MT;Mato Grosso;CO;6.075.286;2.397,6;2.533,9;92.820;3.387;76;1.527,8;0,08%;2009
3588652;Goiânia;GO;Goiás;CO;10.864.418;5.487,9;1.979,7;32.239;1.963;39;296,7;0,12%;2004
5115720;Fortaleza;CE;Ceará;NE;7.954.752;5.152,7;1.543,8;44.895;678;12;564,4;0,03%;2016
7050592;Ponta Grossa;PR;Paraná;S;10.568.257;9.991,7;1.057,7;197.448;10.901;215;1.868,3;0,11%;2004
8194453;Vila Velha;ES;Espírito Santo;SE;6.943.859;13.774,4;504,1;135.307;7.804;137;1.948,6;0,10%;2014
3442499;Sorocaba;SP;São Paulo;SE;174.911;10.778,5;16,2;285;4;0;162,9;0,00%;2016
8282524;Londrina;PR;Paraná;S;1.039.267;5.929,3;175,3;4.946;317;2;475,9;0,04%;2001
5961432;Tangará da Serra;MT;Mato Grosso;CO;7.042.775;6.059,9;1.162,2;79.776;4.251;67;1.132,7;0,08%;2021
5693941;Recife;PE;Pernambuco;NE;8.862.875;9.175,5;965,9;105.889;3.893;47;1.194,7;0,04%;2004
8417942;Castanhal;PA;Pará;N;11.709.621;5.211,5;2.246,9;106.038;5.993;214;905,6;0,20%;2020
6611860;Rio de Janeiro;RJ;Rio de Janeiro;SE;6.551.005;10.890,2;601,6;115.327;2.025;80;1.760,4;0,07%;2023
2557253;Feira de Santana;BA;Bahia;NE;8.592.425;8.299,2;1.035,3;89.314;4.950;52;1.039,5;0,06%;2016
5340101;Santos;SP;São Paulo;SE;4.057.009;12.491,8;324,8;55.410;3.835;33;1.365,8;0,06%;2009
7257547;Santos;SP;São Paulo;SE;4.365.990;9.423,5;463,3;16.228;208;5;371,7;0,03%;2011
5998957;Duque de Caxias;RJ;Rio de Janeiro;SE;9.611.870;11.066,0;868,6;88.861;6.129;203;924,5;0,23%;2014
9947098;Coari;AM;Amazonas;N;9.999.652;3.545,9;2.820,1;74.589;3.730;125;745,9;0,17%;2009
7336179;Parintins;AM;Amazonas;N;8.726.559;11.075,8;787,9;85.943;3.522;41;984,8;0,05%;2003
8622050;Maringá;PR;Paraná;S;1.651.963;2.241,0;737,2;27.004;402;2;1.634,7;0,01%;2013
8990200;Caxias do Sul;RS;Rio Grande do Sul;S;3.611.484;6.720,2;537,4;68.977;2.356;57;1.909,9;0,08%;2011
5424046;Ponta Grossa;PR;Paraná;S;9.810.990;7.507,5;1.306,8;115.364;5.922;226;1.175,9;0,20%;2013
3732048;Rio Verde;GO;Goiás;CO;2.429.727;7.611,5;319,2;46.605;1.745;67;1.918,1;0,14%;2015
2980687;Castanhal;PA;Pará;N;11.659.285;3.229,0;3.610,8;8.547;468;17;73,3;0,20%;2015
7855503;Recife;PE;Pernambuco;NE;1.859.133;1.857,0;1.001,1;18.978;235;2;1.020,8;0,01%;2018
7282392;Olinda;PE;Pernambuco;NE;5.095.859;4.445,0;1.146,4;18.726;346;8;367,5;0,04%;2000
5756043;Guarulhos;SP;São Paulo;SE;3.624.856;2.787,0;1.300,6;64.067;648;15;1.767,4;0,02%;2023
8005748;Rio de Janeiro;RJ;Rio de Janeiro;SE;8.080.800;8.617,2;937,8;118.587;7.591;245;1.467,5;0,21%;2018
3228175;Codó;MA;Maranhão;NE;2.332.018;7.596,2;307,0;29.486;1.475;15;1.264,4;0,05%;2014
2498456;Anápolis;GO;Goiás;CO;10.489.908;9.984,3;1.050,6;101.511;2.433;45;967,7;0,04%;2013
8433920;Belém;PA;Pará;N;4.661.581;9.706,5;480,3;92.695;1.064;28;1.988,5;0,03%;2005
3076710;Maringá;PR;Paraná;S;10.811.087;8.412,3;1.285,2;162.189;6.894;217;1.500,2;0,13%;2006
4177535;Coari;AM;Amazonas;N;7.991.198;7.564,5;1.056,4;31.531;1.560;36;394,6;0,11%;2000
4452834;Guarulhos;SP;São Paulo;SE;4.123.227;12.453,9;331,1;58.226;877;20;1.412,1;0,03%;2018
1754700;Petrolina;PE;Pernambuco;NE;8.253.549;12.936,5;638,0;89.117;3.227;62;1.079,7;0,07%;2000
6324793;Chapecó;SC;Santa Catarina;S;6.417.080;3.894,8;1.647,6;13.019;553;8;202,9;0,06%;2003
2503717;Contagem;MG;Minas Gerais;SE;2.595.505;4.636,6;559,8;44.473;896;23;1.713,5;0,05%;2013
1455856;Caruaru;PE;Pernambuco;NE;11.975.198;924,6;12.951,8;25.885;755;14;216,2;0,05%;2012
7300065;Olinda;PE;Pernambuco;NE;2.037.477;825,6;2.467,9;39.125;1.766;39;1.920,3;0,10%;2007
7460044;Cascavel;PR;Paraná;S;1.938.745;4.075,8;475,7;30.462;1.315;9;1.571,2;0,03%;2010
4921514;Sorocaba;SP;São Paulo;SE;320.439;4.073,9;78,7;5.530;88;2;1.725,8;0,04%;2018
6110555;Várzea Grande;MT;Mato Grosso;CO;9.541.579;6.130,9;1.556,3;166.670;6.671;216;1.746,8;0,13%;2002
3821731;Contagem;MG;Minas Gerais;SE;4.121.127;8.086,2;509,6;72.764;2.699;13;1.765,6;0,02%;2013
5852800;Codó;MA;Maranhão;NE;10.964.509;14.582,6;751,9;15.774;1.041;22;143,9;0,14%;2000
7377917;Itacoatiara;AM;Amazonas;N;5.903.814;12.644,5;466,9;76.697;4.635;68;1.299,1;0,09%;2006
2173318;Montes Claros;MG;Minas Gerais;SE;5.051.874;1.391,2;3.631,3;16.118;964;29;319,0;0,18%;2022
4537478;Camaçari;BA;Bahia;NE;10.249.572;7.597,1;1.349,1;178.808;11.930;324;1.744,5;0,18%;2010
5580400;Ponta Grossa;PR;Paraná;S;4.133.991;9.951,0;415,4;44.778;1.013;39;1.083,2;0,09%;2010
3243545;Recife;PE;Pernambuco;NE;10.853.518;13.837,8;784,3;124.919;1.281;6;1.151,0;0,00%;2019
9203667;Juiz de Fora;MG;Minas Gerais;SE;6.597.940;8.095,1;815,1;20.322;860;31;308,0;0,15%;2020
3070570;São José;SC;Santa Catarina;S;5.930.268;14.582,0;406,7;108.457;4.997;92;1.828,9;0,08%;2012
3093190;Florianópolis;SC;Santa Catarina;S;7.770.692;5.588,7;1.390,4;116.543;1.230;38;1.499,8;0,03%;2006
7003240;Maringá;PR;Paraná;S;3.221.032;1.395,0;2.309,0;40.975;1.155;34;1.272,1;0,08%;2019
7090115;Cariacica;ES;Espírito Santo;SE;625.335;4.247,3;147,2;11.582;536;2;1.852,1;0,02%;2022
2861373;São José;SC;Santa Catarina;S;4.661.119;8.558,1;544,6;22.344;963;27;479,4;0,12%;2015
3944885;Coari;AM;Amazonas;N;1.104.569;8.843,1;124,9;2.131;37;1;192,9;0,05%;2023
9775825;Joinville;SC;Santa Catarina;S;4.610.459;2.918,2;1.579,9;3.030;210;6;65,7;0,20%;2021
5243311;Castanhal;PA;Pará;N;11.427.921;8.423,7;1.356,6;512;33;0;4,5;0,00%;2014
6419028;Cuiabá;MT;Mato Grosso;CO;7.264.954;12.672,9;573,3;71.836;1.242;28;988,8;0,04%;2013
9678130;Caxias;MA;Maranhão;NE;737.216;13.262,8;55,6;769;20;0;104,3;0,00%;2007
1086558;Caxias;MA;Maranhão;NE;6.582.301;2.959,4;2.224,2;6.651;461;5;101,0;0,08%;2002
2248902;Rio Verde;GO;Goiás;CO;4.202.038;2.993,3;1.403,8;40.737;560;15;969,5;0,04%;2010
8246900;Sorocaba;SP;São Paulo;SE;411.047;8.908,3;46,1;5.477;330;4;1.332,5;0,07%;2020
6717708;Imperatriz;MA;Maranhão;NE;921.231;12.333,4;74,7;7.757;516;16;842,0;0,21%;2016
2605088;Manacapuru;AM;Amazonas;N;10.499.611;6.724,5;1.561,4;22.422;1.535;56;213,6;0,25%;2003
2090992;Juazeiro do Norte;CE;Ceará;NE;2.147.695;976,9;2.198,5;3.590;100;2;167,2;0,06%;2014
1936000;Rio de Janeiro;RJ;Rio de Janeiro;SE;9.390.793;830,4;11.308,8;105.298;1.658;51;1.121,3;0,05%;2012
1177948;Cachoeiro;ES;Espírito Santo;SE;7.614.978;5.789,6;1.315,3;26.549;806;30;348,6;0,11%;2013
8618143;Curitiba;PR;Paraná;S;8.685.392;4.956,5;1.752,3;28.313;457;11;326,0;0,04%;2006
4248312;Petrópolis;RJ;Rio de Janeiro;SE;9.624.903;1.933,4;4.978,2;67.183;2.104;45;698,0;0,07%;2016
4119277;Manacapuru;AM;Amazonas;N;4.087.421;2.108,2;1.938,8;7.928;140;3;194,0;0,04%;2001
6220872;Santarém;PA;Pará;N;9.800.289;13.284,1;737,7;38.174;719;11;389,5;0,03%;2024
7187940;Olinda;PE;Pernambuco;NE;143.590;7.789,3;18,4;2.778;51;0;1.934,7;0,00%;2021
1916158;Chapecó;SC;Santa Catarina;S;7.089.010;5.190,1;1.365,9;52.759;3.013;51;744,2;0,10%;2006
8841710;Sinop;MT;Mato Grosso;CO;10.070.341;10.401,6;968,2;148.398;10.058;267;1.473,6;0,18%;2018
3722606;Juazeiro do Norte;CE;Ceará;NE;1.767.055;6.841,8;258,3;32.501;752;3;1.839,3;0,01%;2001
8827187;Vila Velha;ES;Espírito Santo;SE;10.475.640;3.236,4;3.236,8;192.567;10.803;362;1.838,2;0,19%;2015
4444636;Ponta Grossa;PR;Paraná;S;6.724.130;2.804,5;2.397,6;95.110;1.007;17;1.414,5;0,02%;2000
3389108;Belém;PA;Pará;N;4.883.059;6.634,1;736,1;76.767;4.971;87;1.572,1;0,11%;2020
4318952;Campinas;SP;São Paulo;SE;4.774.421;2.653,5;1.799,3;94.219;1.927;66;1.973,4;0,07%;2008
4288125;Vila Velha;ES;Espírito Santo;SE;368.576;2.682,4;137,4;828;9;0;224,6;0,00%;2008
6677129;Fortaleza;CE;Ceará;NE;3.535.197;4.610,8;766,7;48.449;2.837;79;1.370,5;0,16%;2007
8276581;Castanhal;PA;Pará;N;11.935.629;1.027,4;11.617,3;231.400;15.144;497;1.938,7;0,21%;2004
7345068;Cachoeiro;ES;Espírito Santo;SE;11.657.325;5.645,1;2.065,0;112.601;7.726;104;965,9;0,09%;2019
4172607;Santos;SP;São Paulo;SE;8.991.668;4.448,0;2.021,5;85.899;2.132;57;955,3;0,07%;2004
9527346;Feira de Santana;BA;Bahia;NE;9.807.273;13.293,2;737,8;190.656;2.837;60;1.944,0;0,03%;2006
2088389;Tangará da Serra;MT;Mato Grosso;CO;2.817.068;7.653,8;368,1;42.275;2.328;42;1.500,7;0,10%;2024
4003096;Marabá;PA;Pará;N;5.407.296;10.701,7;505,3;91.030;3.549;136;1.683,5;0,15%;2016
7726758;Caxias;MA;Maranhão;NE;10.713.635;13.821,7;775,1;170.324;2.077;26;1.589,8;0,02%;2018
4932320;Cariacica;ES;Espírito Santo;SE;6.650.099;3.318,0;2.004,2;98.850;4.377;165;1.486,4;0,17%;2013
2422018;Olinda;PE;Pernambuco;NE;2.261.688;11.286,8;200,4;29.131;1.198;15;1.288,0;0,05%;2009
9594331;Sorocaba;SP;São Paulo;SE;10.428.762;5.078,8;2.053,4;122.565;4.406;78;1.175,3;0,06%;2014
5580506;Caxias;MA;Maranhão;NE;6.423.119;419,5;15.311,4;30.643;794;6;477,1;0,02%;2014
5941189;Porto Alegre;RS;Rio Grande do Sul;S;8.426.218;7.716,2;1.092,0;20.488;1.170;43;243,1;0,21%;2020
2197032;Rio de Janeiro;RJ;Rio de Janeiro;SE;6.051.772;622,3;9.724,8;43.746;953;15;722,9;0,03%;2006
4198449;Vitória da Conquista;BA;Bahia;NE;11.846.718;9.080,3;1.304,7;224.132;12.359;381;1.891,9;0,17%;2004
1143174;Pelotas;RS;Rio Grande do Sul;S;5.032.342;4.263,6;1.180,3;52.928;3.532;119;1.051,8;0,22%;2011
8918912;Curitiba;PR;Paraná;S;10.981.826;7.714,1;1.423,6;39.133;2.423;31;356,3;0,08%;2024
8959753;Aparecida de Goiânia;GO;Goiás;CO;3.929.224;7.761,6;506,2;61.438;3.277;69;1.563,6;0,11%;2017
6252524;Curitiba;PR;Paraná;S;3.159.542;6.460,5;489,1;27.373;617;12;866,4;0,04%;2022
7286425;Belém;PA;Pará;N;2.339.197;8.683,8;269,4;20.025;1.333;7;856,1;0,03%;2004
6701271;Maringá;PR;Paraná;S;3.791.105;6.316,3;600,2;52.870;2.948;85;1.394,6;0,16%;2021
1389899;Vitória da Conquista;BA;Bahia;NE;9.530.369;11.791,1;808,3;40.289;2.765;110;422,7;0,27%;2004
7557976;Coari;AM;Amazonas;N;6.405.463;3.102,9;2.064,3;8.350;351;4;130,4;0,05%;2012
8575505;Nova Iguaçu;RJ;Rio de Janeiro;SE;10.728.696;13.426,4;799,1;44.937;730;17;418,8;0,04%;2002
9197571;Santos;SP;São Paulo;SE;458.275;2.841,0;161,3;6.322;170;2;1.379,5;0,03%;2002
2174060;Tangará da Serra;MT;Mato Grosso;CO;7.635.990;908,9;8.401,4;2.895;58;2;37,9;0,07%;2016
3634617;Maracanaú;CE;Ceará;NE;1.865.975;1.980,6;942,1;31.342;1.710;31;1.679,7;0,10%;2013
3179901;Caxias do Sul;RS;Rio Grande do Sul;S;3.458.687;4.680,9;738,9;62.230;1.215;30;1.799,2;0,05%;2022
4405319;Itabuna;BA;Bahia;NE;8.438.131;10.765,7;783,8;72.205;1.595;63;855,7;0,09%;2014
7698083;São Luís;MA;Maranhão;NE;10.155.675;12.123,1;837,7;86.216;5.571;199;848,9;0,23%;2016
1655733;Timon;MA;Maranhão;NE;1.536.449;4.354,3;352,9;11.363;591;17;739,6;0,15%;2014
3938131;Camaçari;BA;Bahia;NE;6.971.429;3.774,6;1.846,9;113.266;4.244;156;1.624,7;0,14%;2019
2602797;Montes Claros;MG;Minas Gerais;SE;6.610.695;10.494,7;629,9;62.834;3.966;41;950,5;0,07%;2001
5897094;Santa Maria;RS;Rio Grande do Sul;S;11.192.647;13.748,6;814,1;190.457;10.159;128;1.701,6;0,07%;2022
3033912;Timon;MA;Maranhão;NE;6.194.297;1.194,2;5.187,0;66.112;3.701;60;1.067,3;0,09%;2003
5240720;Imperatriz;MA;Maranhão;NE;3.487.126;7.615,7;457,9;3.501;50;1;100,4;0,03%;2014
7394729;Rio Verde;GO;Goiás;CO;5.773.619;11.202,1;515,4;51.992;637;8;900,5;0,02%;2006
6488001;Aparecida de Goiânia;GO;Goiás;CO;11.253.693;11.242,7;1.001,0;120.941;1.704;41;1.074,7;0,03%;2015
3353101;Cariacica;ES;Espírito Santo;SE;7.906.507;12.315,4;642,0;44.718;2.696;70;565,6;0,16%;2005
3082914;Contagem;MG;Minas Gerais;SE;8.978.002;11.134,6;806,3;20.338;1.022;5;226,5;0,02%;2005
8393014;Feira de Santana;BA;Bahia;NE;6.015.702;2.710,2;2.219,7;4.514;286;6;75,0;0,13%;2022
9772377;São Luís;MA;Maranhão;NE;10.762.399;9.955,0;1.081,1;26.946;900;14;250,4;0,05%;2021
1078278;Ribeirão Preto;SP;São Paulo;SE;824.458;11.597,5;71,1;6.610;434;7;801,7;0,11%;2024
2533209;Vila Velha;ES;Espírito Santo;SE;277.080;6.354,2;43,6;2.761;163;4;996,5;0,14%;2000
2620732;Niterói;RJ;Rio de Janeiro;SE;11.149.896;2.559,8;4.355,8;11.537;403;3;103,5;0,03%;2005
4180079;Olinda;PE;Pernambuco;NE;10.488.279;3.146,4;3.333,4;103.563;6.869;63;987,4;0,06%;2017
6982358;Vitória;ES;Espírito Santo;SE;5.433.211;2.645,6;2.053,7;85.720;2.483;46;1.577,7;0,05%;2012
2107569;Imperatriz;MA;Maranhão;NE;11.046.765;12.235,5;902,8;163.554;5.256;38;1.480,6;0,02%;2020
6058905;Cariacica;ES;Espírito Santo;SE;10.055.356;7.518,7;1.337,4;186.785;7.876;312;1.857,6;0,17%;2003
3876606;Chapecó;SC;Santa Catarina;S;4.234.854;14.387,6;294,3;42.513;2.928;85;1.003,9;0,20%;2019
6570816;Várzea Grande;MT;Mato Grosso;CO;2.949.566;9.548,5;308,9;20.838;1.431;40;706,5;0,19%;2022
1296097;Nova Iguaçu;RJ;Rio de Janeiro;SE;10.217.494;13.685,9;746,6;100.236;4.075;126;981,0;0,13%;2014
1222997;Castanhal;PA;Pará;N;3.910.479;367,1;10.652,4;16.260;463;14;415,8;0,09%;2024
2331937;Londrina;PR;Paraná;S;1.013.341;2.106,5;481,1;9.719;214;3;959,1;0,03%;2015
4994050;Cuiabá;MT;Mato Grosso;CO;10.042.036;14.828,8;677,2;193.791;12.139;117;1.929,8;0,06%;2014
9738796;Recife;PE;Pernambuco;NE;6.968.756;9.738,3;715,6;6.211;147;4;89,1;0,06%;2009
4453043;Caruaru;PE;Pernambuco;NE;9.056.149;858,4;10.550,0;65.100;3.781;111;718,8;0,17%;2021
7400271;Cachoeiro;ES;Espírito Santo;SE;8.756.847;4.858,5;1.802,4;165.093;1.710;60;1.885,3;0,04%;2014
1874208;Niterói;RJ;Rio de Janeiro;SE;10.650.911;14.880,6;715,8;32.915;510;13;309,0;0,04%;2006
4964626;Joinville;SC;Santa Catarina;S;8.521.171;1.218,6;6.992,6;122.440;3.512;106;1.436,9;0,09%;2023
3960096;Cariacica;ES;Espírito Santo;SE;10.172.497;3.772,1;2.696,8;151.105;5.575;151;1.485,4;0,10%;2009
2342445;Camaçari;BA;Bahia;NE;6.040.783;6.003,8;1.006,2;61.697;2.250;51;1.021,3;0,08%;2005
3615206;Rio Verde;GO;Goiás;CO;8.094.630;346,2;23.381,4;112.039;6.861;216;1.384,1;0,19%;2012
3563536;Pelotas;RS;Rio Grande do Sul;S;9.283.319;10.913,4;850,6;99.732;3.771;78;1.074,3;0,08%;2008
9067229;Sobral;CE;Ceará;NE;1.214.947;5.031,9;241,4;15.376;334;12;1.265,6;0,08%;2022
9400348;São Paulo;SP;São Paulo;SE;6.287.004;7.397,2;849,9;123.245;4.150;128;1.960,3;0,10%;2013
6164208;Maracanaú;CE;Ceará;NE;10.763.012;14.813,5;726,6;107.161;6.761;268;995,6;0,25%;2002
3723988;Duque de Caxias;RJ;Rio de Janeiro;SE;3.266.608;11.456,1;285,1;50.545;3.274;99;1.547,3;0,20%;2008
7177044;Marabá;PA;Pará;N;11.692.582;912,7;12.811,0;111.159;6.018;81;950,7;0,07%;2012
7063525;Santos;SP;São Paulo;SE;10.593.629;10.613,1;998,2;182.837;9.130;92;1.725,9;0,05%;2000
3472414;Manacapuru;AM;Amazonas;N;4.274.245;3.748,9;1.140,1;21.158;227;7;495,0;0,03%;2018
7671743;Sinop;MT;Mato Grosso;CO;11.853.885;8.813,1;1.345,0;135.931;8.780;313;1.146,7;0,23%;2002
5242475;Juiz de Fora;MG;Minas Gerais;SE;11.615.095;4.568,2;2.542,6;172.618;10.909;278;1.486,2;0,16%;2017
2491048;Rio Verde;GO;Goiás;CO;1.841.314;9.560,9;192,6;22.570;1.328;19;1.225,8;0,08%;2024
6169066;Cariacica;ES;Espírito Santo;SE;115.714;14.806,0;7,8;6;0;0;5,2;0,00%;2015
7993453;Sobral;CE;Ceará;NE;10.989.043;4.360,7;2.520,0;44.730;920;10;407,0;0,02%;2013
9161633;Uberlândia;MG;Minas Gerais;SE;3.061.190;7.564,1;404,7;29.534;1.300;16;964,8;0,05%;2003
4065690;Vitória;ES;Espírito Santo;SE;3.227.293;3.927,3;821,8;28.883;1.375;36;895,0;0,12%;2013
2338986;Joinville;SC;Santa Catarina;S;4.925.831;1.331,3;3.700,0;36.275;502;3;736,4;0,01%;2003
9140210;Cariacica;ES;Espírito Santo;SE;11.295.787;11.420,0;989,1;16.005;415;15;141,7;0,09%;2000
1702283;Tangará da Serra;MT;Mato Grosso;CO;1.632.736;3.205,5;509,4;12.309;568;22;753,9;0,18%;2000
9152488;Maringá;PR;Paraná;S;7.947.511;11.365,8;699,2;112.578;3.399;98;1.416,5;0,09%;2019
5019771;Olinda;PE;Pernambuco;NE;6.068.108;9.992,9;607,2;80.059;1.075;18;1.319,3;0,02%;2012
1051752;Recife;PE;Pernambuco;NE;7.673.833;13.064,6;587,4;36.402;420;3;474,4;0,01%;2012
5169769;Santarém;PA;Pará;N;6.189.227;6.806,2;909,4;86.360;5.370;123;1.395,3;0,14%;2021
1052497;Várzea Grande;MT;Mato Grosso;CO;10.713.092;14.365,3;745,8;4.359;209;7;40,7;0,16%;2010
8454220;Maringá;PR;Paraná;S;3.926.463;9.121,1;430,5;10.665;329;12;271,6;0,11%;2012
2685367;Canoas;RS;Rio Grande do Sul;S;6.464.854;4.443,3;1.455,0;93.315;1.734;40;1.443,4;0,04%;2006
1532605;Coari;AM;Amazonas;N;2.153.157;7.494,0;287,3;19.749;1.183;47;917,2;0,24%;2002
3819458;São José;SC;Santa Catarina;S;7.495.448;14.328,0;523,1;141.732;3.465;42;1.890,9;0,03%;2015
2769487;Curitiba;PR;Paraná;S;7.304.300;14.900,8;490,2;42.004;2.761;45;575,1;0,11%;2000
4697296;Juazeiro do Norte;CE;Ceará;NE;4.330.289;10.005,7;432,8;16.134;805;30;372,6;0,19%;2021
2517360;Sinop;MT;Mato Grosso;CO;11.614.218;5.025,4;2.311,1;150.987;8.452;219;1.300,0;0,15%;2007
7325183;Rondonópolis;MT;Mato Grosso;CO;6.411.032;9.826,1;652,4;126.648;7.772;258;1.975,5;0,20%;2017
2940955;Serra;ES;Espírito Santo;SE;4.889.775;1.360,8;3.593,3;44.595;2.427;91;912,0;0,20%;2002
7169603;Goiânia;GO;Goiás;CO;2.145.710;12.807,3;167,5;37.808;2.049;32;1.762,0;0,08%;2012
4185283;Coari;AM;Amazonas;N;6.520.001;14.698,7;443,6;101.093;3.225;92;1.550,5;0,09%;2010
9719981;Londrina;PR;Paraná;S;11.143.755;9.044,2;1.232,1;27.940;942;22;250,7;0,08%;2007
3427676;Caxias;MA;Maranhão;NE;4.987.872;12.566,4;396,9;89.126;3.328;86;1.786,9;0,10%;2015
6371047;Belo Horizonte;MG;Minas Gerais;SE;5.190.338;7.560,6;686,5;16.182;427;14;311,8;0,09%;2022
4618930;Manacapuru;AM;Amazonas;N;8.313.150;4.407,9;1.886,0;15.417;1.061;17;185,5;0,11%;2012
4776077;Joinville;SC;Santa Catarina;S;11.758.886;11.049,1;1.064,2;46.929;2.881;87;399,1;0,19%;2024
1361814;Feira de Santana;BA;Bahia;NE;9.200.956;5.914,7;1.555,6;177.707;6.824;117;1.931,4;0,07%;2013
2204993;Maracanaú;CE;Ceará;NE;8.863.760;10.915,0;812,1;51.142;2.662;64;577,0;0,13%;2009
6426063;Niterói;RJ;Rio de Janeiro;SE;9.745.222;12.994,5;749,9;186.014;5.253;146;1.908,8;0,08%;2001
8413578;Parintins;AM;Amazonas;N;11.684.196;7.262,5;1.608,8;54.988;1.269;39;470,6;0,07%;2004
7077140;Goiânia;GO;Goiás;CO;9.666.342;1.574,1;6.140,9;98.711;6.615;131;1.021,2;0,13%;2004
1945085;Joinville;SC;Santa Catarina;S;1.619.413;5.366,0;301,8;5.886;392;3;363,5;0,05%;2015
8278315;Santarém;PA;Pará;N;2.500.562;9.423,2;265,4;16.056;193;2;642,1;0,01%;2012
3893851;Caxias;MA;Maranhão;NE;10.960.115;11.190,7;979,4;181.349;12.598;358;1.654,6;0,20%;2024
7410589;Duque de Caxias;RJ;Rio de Janeiro;SE;4.625.358;9.503,4;486,7;48.145;514;4;1.040,9;0,01%;2014
9552160;Duque de Caxias;RJ;Rio de Janeiro;SE;3.781.783;394,3;9.591,1;75.055;2.909;85;1.984,6;0,11%;2018
4038296;Petrópolis;RJ;Rio de Janeiro;SE;6.449.777;7.288,7;884,9;92.109;3.317;82;1.428,1;0,09%;2020
2065324;Nova Iguaçu;RJ;Rio de Janeiro;SE;11.983.042;13.637,8;878,7;48.467;1.663;49;404,5;0,10%;2017
9999580;Sobral;CE;Ceará;NE;8.901.395;7.354,0;1.210,4;153.281;6.489;218;1.722,0;0,14%;2016
4480664;Cuiabá;MT;Mato Grosso;CO;11.057.178;13.469,2;820,9;157.051;8.121;42;1.420,4;0,03%;2005
3064357;Caxias;MA;Maranhão;NE;664.713;1.975,8;336,4;10.692;210;5;1.608,5;0,05%;2006
2419525;Florianópolis;SC;Santa Catarina;S;2.100.406;7.616,9;275,8;35.679;724;28;1.698,7;0,08%;2011
5166404;Cuiabá;MT;Mato Grosso;CO;5.051.230;740,2;6.824,1;38.456;1.905;39;761,3;0,10%;2016
6250195;Manacapuru;AM;Amazonas;N;8.776.884;13.666,2;642,2;158.904;6.720;82;1.810,5;0,05%;2011
4977883;Rio de Janeiro;RJ;Rio de Janeiro;SE;624.293;2.861,7;218,2;3.526;237;6;564,8;0,17%;2009
7024113;Cachoeiro;ES;Espírito Santo;SE;4.661.927;1.971,0;2.365,3;55.314;799;11;1.186,5;0,02%;2019
7711882;Caucaia;CE;Ceará;NE;7.659.547;1.294,6;5.916,5;111.501;7.404;74;1.455,7;0,07%;2008
5519776;Vitória;ES;Espírito Santo;SE;10.629.988;10.467,2;1.015,6;187.287;6.054;169;1.761,9;0,09%;2006
3752186;Chapecó;SC;Santa Catarina;S;7.049.170;12.332,4;571,6;113.672;3.721;144;1.612,6;0,13%;2010
5531949;Vitória;ES;Espírito Santo;SE;2.098.797;7.995,5;262,5;35.937;1.236;20;1.712,3;0,06%;2021
6595492;Nova Iguaçu;RJ;Rio de Janeiro;SE;4.592.424;2.237,6;2.052,4;35.867;379;6;781,0;0,02%;2007
2761653;Cariacica;ES;Espírito Santo;SE;2.080.044;2.677,2;776,9;20.090;910;30;965,8;0,15%;2023
6853574;Petrópolis;RJ;Rio de Janeiro;SE;11.759.693;8.603,8;1.366,8;144.583;3.797;32;1.229,5;0,02%;2009
6335094;Campinas;SP;São Paulo;SE;6.543.788;2.751,1;2.378,6;88.842;6.048;142;1.357,7;0,16%;2023
9000414;Manacapuru;AM;Amazonas;N;9.945.314;1.957,2;5.081,4;180.003;7.346;76;1.809,9;0,04%;2000
7355220;Uberlândia;MG;Minas Gerais;SE;9.530.089;11.044,6;862,9;190.164;9.194;165;1.995,4;0,09%;2001
8016965;Londrina;PR;Paraná;S;11.865.914;6.893,9;1.721,2;92.799;5.373;121;782,1;0,13%;2014
9734129;Camaçari;BA;Bahia;NE;3.846.024;4.612,6;833,8;40.063;1.377;21;1.041,7;0,05%;2002
2286698;Rio de Janeiro;RJ;Rio de Janeiro;SE;4.035.148;14.175,8;284,7;75.407;1.013;31;1.868,8;0,04%;2005
1179426;Marabá;PA;Pará;N;7.121.264;10.171,6;700,1;35.763;1.386;31;502,2;0,09%;2023
3091977;Tangará da Serra;MT;Mato Grosso;CO;6.810.682;257,8;26.418,5;1.911;100;2;28,1;0,10%;2006
5097436;Anápolis;GO;Goiás;CO;11.100.660;14.265,5;778,1;179.326;8.347;219;1.615,5;0,12%;2016
4776024;Montes Claros;MG;Minas Gerais;SE;2.940.895;1.173,1;2.506,9;33.664;1.050;7;1.144,7;0,02%;2004
3860246;Timon;MA;Maranhão;NE;6.270.661;14.547,4;431,1;119.805;6.079;207;1.910,6;0,17%;2010
5866478;Florianópolis;SC;Santa Catarina;S;5.027.373;7.272,7;691,3;27.926;283;7;555,5;0,03%;2008
6114027;Caucaia;CE;Ceará;NE;10.795.307;7.757,2;1.391,6;121.387;7.714;267;1.124,4;0,22%;2001
1098836;Guarulhos;SP;São Paulo;SE;10.334.883;6.932,3;1.490,8;92.770;1.524;26;897,6;0,03%;2009
7745583;Aparecida de Goiânia;GO;Goiás;CO;5.956.065;182,5;32.636,0;64.493;1.409;33;1.082,8;0,05%;2013
7890722;Caxias do Sul;RS;Rio Grande do Sul;S;2.085.734;13.701,0;152,2;10.199;572;7;489,0;0,07%;2000
7279870;Timon;MA;Maranhão;NE;5.029.168;5.499,2;914,5;70.310;4.126;36;1.398,0;0,05%;2005
3715129;Timon;MA;Maranhão;NE;2.354.703;5.338,4;441,1;380;11;0;16,1;0,00%;2013
4180407;Vitória;ES;Espírito Santo;SE;4.787.824;651,8;7.345,5;55.188;3.015;110;1.152,7;0,20%;2012
9041235;Uberlândia;MG;Minas Gerais;SE;11.168.923;14.744,8;757,5;110.387;4.343;97;988,3;0,09%;2003
6450711;Várzea Grande;MT;Mato Grosso;CO;6.716.806;7.552,8;889,3;101.934;1.823;70;1.517,6;0,07%;2023
3116002;Curitiba;PR;Paraná;S;2.617.561;5.194,6;503,9;50.291;2.568;17;1.921,3;0,03%;2000
8208583;Blumenau;SC;Santa Catarina;S;10.025.454;11.074,6;905,3;125.879;3.445;75;1.255,6;0,06%;2013
5156509;Ponta Grossa;PR;Paraná;S;10.369.829;2.329,8;4.451,0;48.984;1.223;38;472,4;0,08%;2016
5149917;Blumenau;SC;Santa Catarina;S;11.187.169;12.318,1;908,2;124.228;6.508;217;1.110,5;0,17%;2006
4039834;Luziânia;GO;Goiás;CO;3.173.340;14.888,6;213,1;41.216;1.981;25;1.298,8;0,06%;2018
1643681;Juiz de Fora;MG;Minas Gerais;SE;4.602.635;14.856,5;309,8;55.876;617;7;1.214,0;0,01%;2004
7381258;Florianópolis;SC;Santa Catarina;S;6.841.312;7.898,3;866,2;60.667;1.413;28;886,8;0,05%;2022
8165093;Ribeirão Preto;SP;São Paulo;SE;10.810.399;822,2;13.148,1;70.581;2.245;85;652,9;0,12%;2003
5143446;Rio Verde;GO;Goiás;CO;5.374.039;13.431,8;400,1;5.359;53;1;99,7;0,02%;2005
5786824;Caruaru;PE;Pernambuco;NE;7.927.821;4.238,4;1.870,5;26.414;947;13;333,2;0,05%;2019
6608323;Caxias;MA;Maranhão;NE;5.114.258;1.717,4;2.977,9;1.790;91;2;35,0;0,11%;2021
7049339;Contagem;MG;Minas Gerais;SE;6.071.033;11.156,8;544,2;69.319;3.208;42;1.141,8;0,06%;2018
7443279;Feira de Santana;BA;Bahia;NE;1.471.496;13.313,5;110,5;20.629;1.125;10;1.401,9;0,05%;2004
4236786;Parintins;AM;Amazonas;N;11.830.233;6.714,3;1.761,9;19.629;1.305;34;165,9;0,17%;2003
4388982;Camaçari;BA;Bahia;NE;8.959.610;10.825,5;827,6;33.510;720;17;374,0;0,05%;2001
6827390;Itabuna;BA;Bahia;NE;6.148.662;6.754,8;910,3;15.391;995;7;250,3;0,05%;2022
9453526;Sobral;CE;Ceará;NE;374.999;2.545,7;147,3;5.707;388;5;1.521,9;0,09%;2008
4190874;Manaus;AM;Amazonas;N;6.676.839;7.450,6;896,1;19.657;391;12;294,4;0,06%;2017
7547256;Sobral;CE;Ceará;NE;6.733.129;9.127,9;737,6;48.251;492;12;716,6;0,02%;2006
9603283;Manaus;AM;Amazonas;N;7.649.031;7.582,1;1.008,8;137.644;3.514;122;1.799,5;0,09%;2023
2998223;Vitória da Conquista;BA;Bahia;NE;2.878.734;3.397,7;847,3;15.611;429;11;542,3;0,07%;2017
3230889;Pelotas;RS;Rio Grande do Sul;S;4.545.143;13.107,1;346,8;84.202;5.793;229;1.852,6;0,27%;2001
2949258;Cachoeiro;ES;Espírito Santo;SE;31.487;9.747,3;3,2;619;42;0;1.965,9;0,00%;2020
5429825;Luziânia;GO;Goiás;CO;2.249.630;6.154,7;365,5;19.326;569;3;859,1;0,02%;2019
6964017;Florianópolis;SC;Santa Catarina;S;3.686.901;10.970,6;336,1;23.165;587;3;628,3;0,01%;2008
2785812;Tangará da Serra;MT;Mato Grosso;CO;11.552.660;5.760,6;2.005,5;67.461;4.196;114;583,9;0,17%;2020
8418631;Ananindeua;PA;Pará;N;3.709.708;4.897,7;757,4;51.834;1.002;13;1.397,3;0,03%;2006
7184753;Rio Verde;GO;Goiás;CO;2.496.634;13.537,4;184,4;32.503;679;7;1.301,9;0,02%;2002
4168543;Joinville;SC;Santa Catarina;S;9.565.275;7.383,2;1.295,5;47.292;2.310;13;494,4;0,03%;2023
7613533;Uberlândia;MG;Minas Gerais;SE;11.540.101;9.136,9;1.263,0;37.623;538;7;326,0;0,02%;2002
2681644;Canoas;RS;Rio Grande do Sul;S;8.845.877;2.102,5;4.207,3;3.090;142;2;34,9;0,06%;2024
1227365;São Paulo;SP;São Paulo;SE;10.820.615;14.023,4;771,6;65.101;3.659;52;601,6;0,08%;2004
1226440;Tangará da Serra;MT;Mato Grosso;CO;165.641;14.366,4;11,5;2.221;120;2;1.340,9;0,09%;2003
4394393;Goiânia;GO;Goiás;CO;2.343.893;7.232,4;324,1;29.119;1.715;27;1.242,3;0,09%;2018
5090433;Imperatriz;MA;Maranhão;NE;945.435;8.175,7;115,6;17.813;309;10;1.884,1;0,06%;2008
5978445;Petrópolis;RJ;Rio de Janeiro;SE;1.728.773;7.697,6;224,6;9.295;93;1;537,7;0,01%;2013
7465654;Cariacica;ES;Espírito Santo;SE;2.480.567;5.332,0;465,2;14.803;966;27;596,8;0,18%;2009
9251380;Cuiabá;MT;Mato Grosso;CO;2.852.728;14.862,0;191,9;6.667;449;6;233,7;0,09%;2007
6598972;Petrópolis;RJ;Rio de Janeiro;SE;1.993.599;5.439,4;366,5;2.840;131;1;142,5;0,04%;2002
4042807;Santarém;PA;Pará;N;11.406.999;6.407,4;1.780,3;180.135;5.060;170;1.579,2;0,09%;2021
5548190;Recife;PE;Pernambuco;NE;8.384.038;9.942,9;843,2;20.019;1.147;40;238,8;0,20%;2008
6373004;Uberlândia;MG;Minas Gerais;SE;2.487.340;5.889,5;422,3;31.354;1.846;16;1.260,5;0,05%;2023
3427123;Juazeiro do Norte;CE;Ceará;NE;1.525.449;4.879,6;312,6;5.959;334;5;390,6;0,08%;2004
9074681;Timon;MA;Maranhão;NE;11.641.671;14.594,1;797,7;208.011;10.025;98;1.786,8;0,05%;2019
7428781;Várzea Grande;MT;Mato Grosso;CO;7.031.943;8.262,6;851,1;139.924;5.534;131;1.989,8;0,09%;2017
2402872;Cariacica;ES;Espírito Santo;SE;9.754.957;10.738,1;908,4;151.486;8.573;286;1.552,9;0,19%;2016
4945884;Vitória;ES;Espírito Santo;SE;6.076.477;92,8;65.479,3;47.500;2.066;79;781,7;0,17%;2000
1999542;Porto Alegre;RS;Rio Grande do Sul;S;5.869.079;5.444,8;1.077,9;107.349;1.971;41;1.829,1;0,04%;2024
8064499;Chapecó;SC;Santa Catarina;S;4.076.431;3.200,5;1.273,7;7.322;401;3;179,6;0,04%;2007
7332741;Aparecida de Goiânia;GO;Goiás;CO;450.027;10.457,0;43,0;6.089;80;0;1.353,0;0,00%;2013
8999822;Manaus;AM;Amazonas;N;9.972.418;13.063,6;763,4;38.505;1.228;9;386,1;0,02%;2000
7987624;Rio de Janeiro;RJ;Rio de Janeiro;SE;2.519.838;11.493,0;219,2;48.729;896;21;1.933,8;0,04%;2015
7904201;Camaçari;BA;Bahia;NE;5.667.575;6.687,4;847,5;91.127;983;8;1.607,9;0,01%;2020
1538869;Bauru;SP;São Paulo;SE;10.144.350;11.279,4;899,4;42.034;447;15;414,4;0,04%;2016
5329433;Sinop;MT;Mato Grosso;CO;9.605.660;7.553,0;1.271,8;59.589;2.110;22;620,4;0,04%;2022
7334410;Petrópolis;RJ;Rio de Janeiro;SE;2.107.389;11.159,9;188,8;40.569;541;10;1.925,1;0,02%;2012
2295356;Chapecó;SC;Santa Catarina;S;11.624.990;7.053,1;1.648,2;171.101;8.300;281;1.471,8;0,16%;2010
7232368;Belo Horizonte;MG;Minas Gerais;SE;10.856.939;6.392,1;1.698,5;28.416;462;8;261,7;0,03%;2008
1470581;Maringá;PR;Paraná;S;4.026.645;4.269,0;943,2;13.954;194;5;346,5;0,04%;2017
4149818;Maringá;PR;Paraná;S;9.263.845;3.065,8;3.021,7;63.002;1.647;64;680,1;0,10%;2001
9116934;Manaus;AM;Amazonas;N;774.393;768,3;1.007,9;15.458;440;17;1.996,1;0,11%;2002
7679620;Maringá;PR;Paraná;S;8.400.233;2.963,5;2.834,6;102.404;5.482;214;1.219,1;0,21%;2024
6558596;Goiânia;GO;Goiás;CO;6.841.134;13.452,8;508,5;26.477;1.062;34;387,0;0,13%;2016
7410771;Ribeirão Preto;SP;São Paulo;SE;8.009.944;8.816,1;908,6;76.053;1.496;43;949,5;0,06%;2001
4885101;Rio de Janeiro;RJ;Rio de Janeiro;SE;3.625.959;12.121,8;299,1;18.463;1.036;11;509,2;0,06%;2020
9779300;Castanhal;PA;Pará;N;5.735.998;6.739,8;851,1;44.436;1.219;32;774,7;0,07%;2004
7503423;Fortaleza;CE;Ceará;NE;4.019.610;3.171,9;1.267,3;79.544;1.153;11;1.978,9;0,01%;2019
2634202;Sinop;MT;Mato Grosso;CO;258.681;2.182,2;118,5;4.482;278;9;1.732,6;0,20%;2009
9370358;Porto Alegre;RS;Rio Grande do Sul;S;1.586.970;6.849,4;231,7;30.607;848;6;1.928,6;0,02%;2005
6928539;Itacoatiara;AM;Amazonas;N;1.505.018;1.113,5;1.351,6;25.294;952;37;1.680,6;0,15%;2022
3356313;Camaçari;BA;Bahia;NE;2.087.808;14.576,6;143,2;2.594;82;1;124,2;0,04%;2015
3163996;Sobral;CE;Ceará;NE;7.403.861;5.532,6;1.338,2;82.220;2.665;76;1.110,5;0,09%;2019
5409512;Marabá;PA;Pará;N;11.459.382;688,0;16.656,1;14.957;814;11;130,5;0,07%;2020
1133260;Chapecó;SC;Santa Catarina;S;2.601.123;12.803,2;203,2;24.629;480;9;946,9;0,04%;2009
7513301;Niterói;RJ;Rio de Janeiro;SE;7.763.747;10.053,8;772,2;122.127;4.654;110;1.573,0;0,09%;2011
2830713;São José;SC;Santa Catarina;S;1.447.863;2.745,1;527,4;13.007;729;8;898,4;0,06%;2003
6323156;Recife;PE;Pernambuco;NE;5.752.913;14.946,8;384,9;27.870;1.453;31;484,5;0,11%;2015
1642271;Camaçari;BA;Bahia;NE;9.152.945;2.378,3;3.848,5;38.145;1.846;29;416,8;0,08%;2015
7380120;Ribeirão Preto;SP;São Paulo;SE;1.054.902;14.050,1;75,1;14.093;968;12;1.336,0;0,09%;2011
8095426;Vitória;ES;Espírito Santo;SE;4.535.300;3.818,5;1.187,7;10.956;202;2;241,6;0,02%;2005
8573586;Nova Iguaçu;RJ;Rio de Janeiro;SE;7.049.764;7.895,4;892,9;68.012;1.431;9;964,7;0,01%;2021
6738129;Canoas;RS;Rio Grande do Sul;S;4.989.239;2.509,8;1.987,9;54.932;2.136;50;1.101,0;0,09%;2011
8328019;Londrina;PR;Paraná;S;5.958.750;13.693,3;435,2;51.005;3.028;74;856,0;0,15%;2018
4331283;Santa Maria;RS;Rio Grande do Sul;S;1.313.413;10.854,7;121,0;20.201;377;10;1.538,1;0,05%;2018
1238014;Blumenau;SC;Santa Catarina;S;2.533.076;13.452,7;188,3;32.731;2.024;18;1.292,1;0,05%;2004
5409097;Sinop;MT;Mato Grosso;CO;8.743.757;10.848,2;806,0;32.956;1.583;43;376,9;0,13%;2014
1612133;Manaus;AM;Amazonas;N;3.675.881;11.198,3;328,3;55.073;2.852;91;1.498,2;0,17%;2006
4626181;Manacapuru;AM;Amazonas;N;5.847.906;3.186,0;1.835,5;89.080;3.973;21;1.523,3;0,02%;2006
1271644;Blumenau;SC;Santa Catarina;S;5.073.787;13.455,0;377,1;16.350;849;23;322,2;0,14%;2016
7885148;Timon;MA;Maranhão;NE;5.909.033;5.315,6;1.111,6;55.816;2.310;73;944,6;0,13%;2017
8697782;Niterói;RJ;Rio de Janeiro;SE;7.195.084;5.628,2;1.278,4;42.639;1.814;33;592,6;0,08%;2017
5752118;São José;SC;Santa Catarina;S;11.787.159;9.324,6;1.264,1;22.969;1.340;11;194,9;0,05%;2003
7900127;Cuiabá;MT;Mato Grosso;CO;1.747.382;7.471,3;233,9;6.534;313;7;373,9;0,11%;2024
5863789;Curitiba;PR;Paraná;S;7.065.182;3.217,5;2.195,9;119.178;5.136;46;1.686,8;0,04%;2024
3087766;São José;SC;Santa Catarina;S;5.890.321;14.515,9;405,8;54.124;3.489;96;918,9;0,18%;2014
1127592;Ponta Grossa;PR;Paraná;S;6.293.479;11.743,8;535,9;37.172;968;27;590,6;0,07%;2016
5052611;Camaçari;BA;Bahia;NE;77.752;13.507,8;5,8;66;0;0;84,9;0,00%;2013
6326278;Paulista;PE;Pernambuco;NE;5.629.876;2.597,6;2.167,3;56.363;1.381;53;1.001,1;0,09%;2018
7598776;Cachoeiro;ES;Espírito Santo;SE;873.385;12.029,9;72,6;14.060;249;6;1.609,8;0,04%;2018
7763214;Aparecida de Goiânia;GO;Goiás;CO;5.345.250;7.783,3;686,8;30.273;483;15;566,4;0,05%;2013
7576872;Belém;PA;Pará;N;10.532.655;13.754,1;765,8;41.694;2.790;33;395,9;0,08%;2017
8338707;Rio de Janeiro;RJ;Rio de Janeiro;SE;201.577;9.452,0;21,3;626;7;0;310,6;0,00%;2018
7415688;Porto Alegre;RS;Rio Grande do Sul;S;432.293;11.148,0;38,8;7.433;357;11;1.719,4;0,15%;2004
4720435;Uberlândia;MG;Minas Gerais;SE;4.989.533;2.947,7;1.692,7;95.199;5.407;175;1.908,0;0,18%;2007
1868201;Maringá;PR;Paraná;S;4.621.144;1.290,3;3.581,4;82.239;936;36;1.779,6;0,04%;2004
2861122;Florianópolis;SC;Santa Catarina;S;7.710.884;13.911,6;554,3;28.069;519;7;364,0;0,02%;2003
2298244;Belo Horizonte;MG;Minas Gerais;SE;8.300.055;12.677,1;654,7;102.445;1.643;53;1.234,3;0,05%;2006
9162405;Fortaleza;CE;Ceará;NE;10.505.214;1.190,9;8.821,2;110.076;3.579;57;1.047,8;0,05%;2021
3702870;Canoas;RS;Rio Grande do Sul;S;3.024.651;4.516,4;669,7;43.231;1.903;49;1.429,3;0,11%;2005
6751404;São Paulo;SP;São Paulo;SE;5.826.065;7.284,5;799,8;78.642;3.365;35;1.349,8;0,04%;2019
3040002;Anápolis;GO;Goiás;CO;3.243.406;9.111,4;356,0;1.509;61;1;46,5;0,07%;2017
2925830;Serra;ES;Espírito Santo;SE;3.647.947;491,0;7.429,6;28.804;432;12;789,6;0,04%;2004
5591361;Contagem;MG;Minas Gerais;SE;8.087.485;3.028,6;2.670,4;91.371;4.795;133;1.129,8;0,15%;2002
8315906;Timon;MA;Maranhão;NE;8.608.949;14.197,9;606,4;65.560;1.335;38;761,5;0,06%;2006
7590525;Pelotas;RS;Rio Grande do Sul;S;1.734.284;8.775,5;197,6;20.420;407;4;1.177,4;0,02%;2024
8272447;Rio Verde;GO;Goiás;CO;7.493.284;6.384,9;1.173,6;71.217;4.198;112;950,4;0,16%;2023
8202676;Manacapuru;AM;Amazonas;N;3.358.758;8.528,8;393,8;8.423;311;11;250,8;0,13%;2011
7875441;Santarém;PA;Pará;N;4.931.669;9.078,0;543,3;69.533;2.164;13;1.409,9;0,02%;2020
8203915;Contagem;MG;Minas Gerais;SE;3.127.134;5.398,3;579,3;14.102;696;12;451,0;0,09%;2002
3051914;Maringá;PR;Paraná;S;169.614;4.812,9;35,2;2.936;87;1;1.731,0;0,03%;2000
4903198;Maringá;PR;Paraná;S;9.430.765;1.040,2;9.066,3;157.758;3.585;45;1.672,8;0,03%;2009
2255341;Santarém;PA;Pará;N;9.637.256;13.395,3;719,5;178.816;9.901;159;1.855,5;0,09%;2013
4307179;Caruaru;PE;Pernambuco;NE;841.152;12.050,7;69,8;1.533;106;2;182,3;0,13%;2015
3871248;Duque de Caxias;RJ;Rio de Janeiro;SE;10.098.332;4.936,8;2.045,5;61.976;2.763;41;613,7;0,07%;2012
1077963;Tangará da Serra;MT;Mato Grosso;CO;7.755.246;4.301,3;1.803,0;9.701;618;22;125,1;0,23%;2012
1273003;Guarulhos;SP;São Paulo;SE;1.173.246;7.074,9;165,8;9.863;261;8;840,7;0,08%;2013
6254198;Fortaleza;CE;Ceará;NE;8.292.901;9.204,2;901,0;78.235;4.051;84;943,4;0,11%;2012
7273103;Florianópolis;SC;Santa Catarina;S;10.375.933;1.586,0;6.542,2;12.539;746;7;120,8;0,06%;2007
4797376;Petrolina;PE;Pernambuco;NE;2.863.338;1.365,8;2.096,5;53.233;1.710;62;1.859,1;0,12%;2023
1880652;Bauru;SP;São Paulo;SE;4.364.836;13.255,6;329,3;14.523;187;2;332,7;0,01%;2001
7367900;Vitória da Conquista;BA;Bahia;NE;4.536.372;10.495,0;432,2;76.474;2.878;27;1.685,8;0,04%;2004
7933921;Joinville;SC;Santa Catarina;S;10.693.470;6.729,4;1.589,1;136.777;5.697;143;1.279,1;0,10%;2003
5706707;Sinop;MT;Mato Grosso;CO;5.408.776;11.601,0;466,2;29.600;459;14;547,3;0,05%;2015
6922519;Goiânia;GO;Goiás;CO;9.378.330;12.541,4;747,8;172.878;8.441;295;1.843,4;0,17%;2007
2260713;Goiânia;GO;Goiás;CO;8.306.107;951,0;8.734,1;56.658;2.158;39;682,1;0,07%;2000
6711805;São Luís;MA;Maranhão;NE;3.508.758;12.219,2;287,2;69.159;2.824;45;1.971,0;0,07%;2024
3583673;Camaçari;BA;Bahia;NE;8.472.296;1.629,6;5.199,0;57.353;3.728;68;676,9;0,12%;2004
9614497;Codó;MA;Maranhão;NE;3.414.122;11.711,3;291,5;8.996;239;2;263,5;0,02%;2006
2712355;Itabuna;BA;Bahia;NE;2.479.111;6.941,3;357,2;48.826;811;4;1.969,5;0,01%;2003
5475434;Imperatriz;MA;Maranhão;NE;487.597;7.169,8;68,0;7.416;230;2;1.520,9;0,03%;2016
6946295;Belém;PA;Pará;N;7.246.926;3.220,4;2.250,3;131.646;4.719;78;1.816,6;0,06%;2012
7203890;Caxias;MA;Maranhão;NE;1.649.024;784,6;2.101,7;27.694;599;6;1.679,4;0,02%;2012
5629265;Montes Claros;MG;Minas Gerais;SE;8.892.588;9.131,3;973,9;113.656;1.881;12;1.278,1;0,01%;2016
4683937;Vitória;ES;Espírito Santo;SE;1.940.532;844,4;2.298,1;37.698;979;7;1.942,7;0,02%;2001
4799452;Nova Iguaçu;RJ;Rio de Janeiro;SE;10.413.577;10.507,7;991,0;102.736;3.449;43;986,6;0,04%;2012
9307601;Blumenau;SC;Santa Catarina;S;3.459.163;2.606,9;1.326,9;45.564;2.196;65;1.317,2;0,14%;2006
2581127;Salvador;BA;Bahia;NE;3.113.107;7.573,4;411,1;40.771;1.573;24;1.309,7;0,06%;2022
3856028;Caxias do Sul;RS;Rio Grande do Sul;S;5.294.710;10.237,6;517,2;24.555;734;15;463,8;0,06%;2005
8962478;Bauru;SP;São Paulo;SE;7.187.349;5.044,1;1.424,9;69.162;4.348;47;962,3;0,07%;2005
6907989;Curitiba;PR;Paraná;S;7.957.550;8.768,2;907,5;64.883;2.488;16;815,4;0,02%;2015
5876441;Ribeirão Preto;SP;São Paulo;SE;3.838.031;7.902,8;485,7;19.212;1.085;9;500,6;0,05%;2005
8593642;Maringá;PR;Paraná;S;8.239.939;11.035,5;746,7;67.460;3.359;46;818,7;0,07%;2017
6916088;São Luís;MA;Maranhão;NE;5.060.190;10.666,8;474,4;87.023;5.344;195;1.719,8;0,22%;2016
2891816;Manacapuru;AM;Amazonas;N;4.536.798;10.302,5;440,4;83.859;942;36;1.848,4;0,04%;2023
3376209;Joinville;SC;Santa Catarina;S;6.000.727;7.492,6;800,9;75.705;4.122;161;1.261,6;0,21%;2007
2497768;Caruaru;PE;Pernambuco;NE;3.260.130;13.813,7;236,0;41.860;689;10;1.284,0;0,02%;2012
8537488;Tangará da Serra;MT;Mato Grosso;CO;8.848.030;2.665,5;3.319,5;91.447;5.786;108;1.033,5;0,12%;2021
6189583;Juazeiro do Norte;CE;Ceará;NE;3.205.278;664,4;4.824,3;45.995;1.407;37;1.435,0;0,08%;2016
6821657;Maracanaú;CE;Ceará;NE;4.846.692;1.697,3;2.855,5;65.395;4.292;43;1.349,3;0,07%;2000
9777607;Várzea Grande;MT;Mato Grosso;CO;4.869.731;9.375,7;519,4;21.313;601;9;437,7;0,04%;2021
1261597;Maringá;PR;Paraná;S;7.622.476;662,2;11.510,8;32.357;426;6;424,5;0,02%;2009
1010766;Juazeiro do Norte;CE;Ceará;NE;845.217;3.808,9;221,9;9.282;530;11;1.098,2;0,12%;2011
3601089;Cascavel;PR;Paraná;S;1.450.898;10.712,3;135,4;24.020;523;13;1.655,5;0,05%;2004
4671824;Nova Iguaçu;RJ;Rio de Janeiro;SE;547.164;7.124,0;76,8;4.075;239;6;744,7;0,15%;2011
2646494;Maracanaú;CE;Ceará;NE;4.391.230;13.806,9;318,0;40.728;830;16;927,5;0,04%;2019
3334991;Pelotas;RS;Rio Grande do Sul;S;11.472.227;11.526,5;995,3;35.570;1.244;14;310,1;0,04%;2008
5988439;Salvador;BA;Bahia;NE;9.515.062;13.910,4;684,0;143.086;3.005;97;1.503,8;0,07%;2014
2611322;São José;SC;Santa Catarina;S;2.333.487;7.922,2;294,6;20.529;825;23;879,8;0,11%;2022
6942386;Petrolina;PE;Pernambuco;NE;7.183.098;7.025,0;1.022,5;120.922;1.409;34;1.683,4;0,03%;2013
2483592;Ponta Grossa;PR;Paraná;S;2.366.634;9.247,4;255,9;15.902;712;12;671,9;0,08%;2009
5921482;Coari;AM;Amazonas;N;906.185;11.342,3;79,9;4.126;141;0;455,3;0,00%;2012
8721222;Cascavel;PR;Paraná;S;919.778;1.315,7;699,1;3.507;105;0;381,3;0,00%;2008
9077690;Itabuna;BA;Bahia;NE;11.594.226;5.003,0;2.317,5;31.835;1.732;49;274,6;0,15%;2001
4440410;Goiânia;GO;Goiás;CO;8.669.473;2.205,1;3.931,6;129.841;2.361;85;1.497,7;0,07%;2023
6048133;Várzea Grande;MT;Mato Grosso;CO;10.548.109;4.697,8;2.245,3;127.128;6.028;72;1.205,2;0,06%;2000
3567284;Rio de Janeiro;RJ;Rio de Janeiro;SE;10.137.926;13.204,5;767,8;25.392;630;5;250,5;0,02%;2016
9485991;Santos;SP;São Paulo;SE;7.453.994;5.891,2;1.265,3;78.623;2.694;106;1.054,8;0,13%;2003
5366631;Joinville;SC;Santa Catarina;S;10.288.407;10.235,7;1.005,1;161.784;2.813;28;1.572,5;0,02%;2021
3377099;Campinas;SP;São Paulo;SE;11.038.438;3.648,2;3.025,7;194.422;10.105;121;1.761,3;0,06%;2016
5856148;Caxias;MA;Maranhão;NE;11.207.387;1.545,3;7.252,6;129.227;4.140;60;1.153,1;0,05%;2018
8784019;Fortaleza;CE;Ceará;NE;7.002.362;12.211,7;573,4;7.332;198;1;104,7;0,01%;2004
6079496;Fortaleza;CE;Ceará;NE;579.826;9.694,4;59,8;10.156;372;13;1.751,6;0,13%;2021
8850178;Caruaru;PE;Pernambuco;NE;7.697.839;4.189,7;1.837,3;93.781;3.754;131;1.218,3;0,14%;2005
9808972;Serra;ES;Espírito Santo;SE;6.561.588;7.720,0;849,9;39.689;1.234;37;604,9;0,09%;2005
3349469;Petrolina;PE;Pernambuco;NE;4.677.772;11.785,2;396,9;39.705;2.597;19;848,8;0,05%;2021
7317003;São José;SC;Santa Catarina;S;7.922.690;9.107,3;869,9;151.005;7.929;180;1.906,0;0,12%;2005
5349090;Tangará da Serra;MT;Mato Grosso;CO;2.179.340;10.481,6;207,9;38.058;1.175;31;1.746,3;0,08%;2018
1753785;Fortaleza;CE;Ceará;NE;503.294;12.787,9;39,4;3.796;59;0;754,2;0,00%;2005
6430103;Canoas;RS;Rio Grande do Sul;S;3.892.505;14.720,9;264,4;31.013;506;18;796,7;0,06%;2023
8047372;Rio Verde;GO;Goiás;CO;1.087.947;975,8;1.114,9;3.751;45;1;344,8;0,03%;2008
1494247;Caxias;MA;Maranhão;NE;2.928.363;4.851,3;603,6;29.459;962;38;1.006,0;0,13%;2022
4350987;Coari;AM;Amazonas;N;3.291.602;3.824,8;860,6;37.498;882;27;1.139,2;0,07%;2014
4226188;Sobral;CE;Ceará;NE;1.451.147;8.752,5;165,8;21.910;345;2;1.509,8;0,01%;2020
7032432;Belo Horizonte;MG;Minas Gerais;SE;6.853.563;8.546,0;802,0;89.315;1.886;57;1.303,2;0,06%;2002
9324443;Santa Maria;RS;Rio Grande do Sul;S;3.197.967;12.494,4;256,0;54.236;2.083;36;1.696,0;0,07%;2018
3313134;Coari;AM;Amazonas;N;1.134.668;6.611,2;171,6;12.324;769;19;1.086,1;0,15%;2020
6003418;Montes Claros;MG;Minas Gerais;SE;1.701.039;1.813,0;938,2;3.373;155;2;198,3;0,06%;2007
5217487;Serra;ES;Espírito Santo;SE;6.558.268;10.563,9;620,8;41.382;2.817;21;631,0;0,05%;2002
9686567;Parintins;AM;Amazonas;N;10.263.028;7.525,7;1.363,7;162.174;2.172;63;1.580,2;0,04%;2012
8901711;Petrópolis;RJ;Rio de Janeiro;SE;4.421.298;9.815,8;450,4;44.308;1.563;18;1.002,1;0,04%;2001
3336875;Porto Alegre;RS;Rio Grande do Sul;S;3.434.466;8.229,0;417,4;43.202;2.827;79;1.257,9;0,18%;2023
4953000;Porto Alegre;RS;Rio Grande do Sul;S;8.288.480;1.140,0;7.270,6;159.908;8.344;265;1.929,3;0,17%;2018
2187207;Guarulhos;SP;São Paulo;SE;6.991.351;8.992,3;777,5;21.127;1.336;29;302,2;0,14%;2019
1700297;Contagem;MG;Minas Gerais;SE;1.753.857;582,2;3.012,5;14.761;723;14;841,6;0,09%;2016
1359758;Feira de Santana;BA;Bahia;NE;936.728;444,0;2.109,7;17.504;813;14;1.868,6;0,08%;2006
9089526;Cuiabá;MT;Mato Grosso;CO;882.771;5.837,5;151,2;4.103;146;2;464,8;0,05%;2012
8347629;Belo Horizonte;MG;Minas Gerais;SE;1.987.586;13.462,3;147,6;23.054;498;10;1.159,9;0,04%;2011
4892874;Campinas;SP;São Paulo;SE;1.551.349;8.849,8;175,3;13.535;742;26;872,5;0,19%;2007
1768056;Cascavel;PR;Paraná;S;257.956;13.105,2;19,7;465;6;0;180,3;0,00%;2007
1733490;Contagem;MG;Minas Gerais;SE;5.278.157;5.277,5;1.000,1;32.013;2.237;21;606,5;0,07%;2020
3053134;Maracanaú;CE;Ceará;NE;11.023.757;1.198,2;9.200,3;142.513;3.185;94;1.292,8;0,07%;2008
4695807;Blumenau;SC;Santa Catarina;S;7.449.397;10.711,4;695,5;144.547;3.983;111;1.940,4;0,08%;2011
6349565;Santarém;PA;Pará;N;11.714.666;8.144,2;1.438,4;14.155;435;8;120,8;0,06%;2003
5693994;Manacapuru;AM;Amazonas;N;1.324.106;3.093,1;428,1;17.071;406;12;1.289,2;0,07%;2004
7247667;Vitória;ES;Espírito Santo;SE;2.389.714;586,2;4.076,6;45.766;1.666;52;1.915,1;0,11%;2007
9370278;Rio de Janeiro;RJ;Rio de Janeiro;SE;574.334;4.091,0;140,4;6.294;176;6;1.095,9;0,10%;2018
7441381;Guarulhos;SP;São Paulo;SE;8.318.719;331,8;25.071,5;100.837;3.694;47;1.212,2;0,05%;2012
8232405;Caucaia;CE;Ceará;NE;8.941.732;831,3;10.756,3;8.206;348;5;91,8;0,06%;2009
6640806;Ribeirão Preto;SP;São Paulo;SE;4.412.568;12.163,1;362,8;28.382;1.573;26;643,2;0,09%;2018
8282586;Chapecó;SC;Santa Catarina;S;7.181.085;11.750,1;611,2;14.973;875;21;208,5;0,14%;2023
9971807;Anápolis;GO;Goiás;CO;7.784.282;6.386,3;1.218,9;148.977;8.363;117;1.913,8;0,08%;2023
4996784;Maracanaú;CE;Ceará;NE;2.220.456;13.620,3;163,0;17.982;272;3;809,8;0,02%;2008
6662853;Santarém;PA;Pará;N;9.589.176;5.949,3;1.611,8;71.898;2.279;63;749,8;0,09%;2019
1207016;Cascavel;PR;Paraná;S;2.093.515;4.638,1;451,4;21.036;1.265;43;1.004,8;0,20%;2021
1289686;Timon;MA;Maranhão;NE;7.388.453;182,6;40.462,5;94.037;3.649;126;1.272,8;0,13%;2001
1982890;Cariacica;ES;Espírito Santo;SE;9.731.576;14.085,6;690,9;159.993;6.893;264;1.644,1;0,17%;2008
5328638;Imperatriz;MA;Maranhão;NE;4.640.933;3.930,1;1.180,9;16.675;394;4;359,3;0,02%;2015
1831808;Chapecó;SC;Santa Catarina;S;3.911.596;1.761,0;2.221,2;24.150;1.233;43;617,4;0,18%;2001
